<?xml version="1.0" encoding="UTF-8"?>
<root>
  <item name="com.jiangdg.widget.ZoomAspectScaledTextureView int getMirror()">
    <annotation name="androidx.annotation.IntDef">
      <val name="value" val="{com.jiangdg.glutils.IRendererCommon.MIRROR_NORMAL, com.jiangdg.glutils.IRendererCommon.MIRROR_HORIZONTAL, com.jiangdg.glutils.IRendererCommon.MIRROR_VERTICAL, com.jiangdg.glutils.IRendererCommon.MIRROR_BOTH}" />
    </annotation>
  </item>
  <item name="com.jiangdg.widget.ZoomAspectScaledTextureView mMirrorMode">
    <annotation name="androidx.annotation.IntDef">
      <val name="value" val="{com.jiangdg.glutils.IRendererCommon.MIRROR_NORMAL, com.jiangdg.glutils.IRendererCommon.MIRROR_HORIZONTAL, com.jiangdg.glutils.IRendererCommon.MIRROR_VERTICAL, com.jiangdg.glutils.IRendererCommon.MIRROR_BOTH}" />
    </annotation>
  </item>
  <item name="com.jiangdg.widget.ZoomAspectScaledTextureView void setMirror(int) 0">
    <annotation name="androidx.annotation.IntDef">
      <val name="value" val="{com.jiangdg.glutils.IRendererCommon.MIRROR_NORMAL, com.jiangdg.glutils.IRendererCommon.MIRROR_HORIZONTAL, com.jiangdg.glutils.IRendererCommon.MIRROR_VERTICAL, com.jiangdg.glutils.IRendererCommon.MIRROR_BOTH}" />
    </annotation>
  </item>
</root>

